{"cameraMode":{"drawMode":0,"name":"Shaded","section":"Shading Mode"},"sceneLighting":true,"audioPlay":false,"sceneViewState":{"showFog":true,"showMaterialUpdate":false,"showSkybox":true,"showFlares":true,"showImageEffects":true,"showParticleSystems":true,"showVisualEffectGraphs":true,"m_FxEnabled":true},"in2DMode":false,"pivot":{"x":154.36399841308595,"y":-76.77825164794922,"z":1439.5325927734375},"rotation":{"x":-0.02577129751443863,"y":-0.0518631748855114,"z":0.0013299639103934169,"w":-0.9983300566673279},"size":754.3512573242188,"orthographic":false}