{"cameraMode":{"drawMode":0,"name":"Shaded","section":"Shading Mode"},"sceneLighting":true,"audioPlay":false,"sceneViewState":{"showFog":true,"showMaterialUpdate":false,"showSkybox":true,"showFlares":true,"showImageEffects":true,"showParticleSystems":true,"showVisualEffectGraphs":true,"m_FxEnabled":true},"in2DMode":false,"pivot":{"x":-2.8662068843841554,"y":-14.193408966064454,"z":20.522083282470704},"rotation":{"x":-0.2828662693500519,"y":0.013520550914108754,"z":-0.003989174030721188,"w":-0.9590606093406677},"size":20.14188003540039,"orthographic":false}